r_theta,G,Jh,phi,xobj
"[[0.9973714871799705, -0.0510116460962632, -0.0513612118701374], [0.05438096674341589, 0.9963025626189046, 0.0665197664752128], [0.04777818033890324, -0.06913864473437038, 0.9964615495290121]]","[[0.9973714871799705, -0.0510116460962632, -0.0513612118701374, 0.9973714871799705, -0.0510116460962632, -0.0513612118701374], [0.04777818033890324, -0.06913864473437038, 0.9964615495290121, -0.04777818033890324, 0.06913864473437038, -0.9964615495290121], [-0.05438096674341589, -0.9963025626189046, -0.0665197664752128, 0.05438096674341589, 0.9963025626189046, 0.0665197664752128], [0.0013736676029666192, 0.0019367363398557892, 0.02689526732904911, 0.0013736676029666192, -0.0017869369578418484, -0.02676365617321425], [0.02692977160887095, 0.0012769962566134686, -0.0014674475647587773, 0.02692977160887095, 0.0014674475647587773, 0.0012769962566134686], [-7.074505602758631e-05, -4.259568458966261e-06, -9.184403492704498e-06, -7.074505602758631e-05, 0.0001874968388943062, 0.0027540661748005372]]","[[0.04723154889978805, 0.06499093870182512, 0.010472166329866346, 0.005988483774956264, 0.0, 0.0, 0.0, 0.0], [0.05175050671959737, -0.0029882896479907213, 0.053661265089093885, 0.02112810274126019, 0.0, 0.0, 0.0, 0.0], [0.0013259928592518305, 0.01190393077774728, -0.04032260530659437, -0.025332594336832586, 0.0, 0.0, 0.0, 0.0], [0.0, 0.0, 0.0, 0.0, -0.1261845524555781, -0.0002031301618787242, -0.007292375504730316, -0.003764844015107928], [0.0, 0.0, 0.0, 0.0, -0.0007006774746840856, 2.100503755729592e-05, -0.0063888883393715965, 0.0020616178512918243], [0.0, 0.0, 0.0, 0.0, 0.006001664077885665, -0.0003158227030555818, 0.09453369526102691, 0.04884231530754157]]","[-0.02095626522162456, 1.3257105034034358, 0.5059312511493954, 0.1391740152947555, 0.0, 0.0, 0.0, 0.0, 0.0, 0.0, 0.0, 0.0, 1.511500827812625, 0.1246005638640651, -0.11268209958618143, 0.01901471632410259]","[0.1276692893631854, 0.010351910754858872, 0.04420424379157461]"
