r_theta,G,Jh,phi,xobj
"[[0.988320236606536, 0.15225208193151463, -0.00534659211513759], [-0.15158598046818492, 0.9862946887562519, 0.06514546107759947], [0.0151936634984469, -0.06357286327937259, 0.9978613415129782]]","[[0.988320236606536, 0.15225208193151463, -0.00534659211513759, 0.988320236606536, 0.15225208193151463, -0.00534659211513759], [0.0151936634984469, -0.06357286327937259, 0.9978613415129782, -0.0151936634984469, 0.06357286327937259, -0.9978613415129782], [0.15158598046818492, -0.9862946887562519, -0.06514546107759947, -0.15158598046818492, 0.9862946887562519, 0.06514546107759947], [-0.004062807507185441, 0.0023195599666902596, 0.02625646679789967, -0.004062807507185441, -0.0010732787863230622, -0.026381383210489162], [0.0263741054943869, -0.0037931306122575693, 0.004315802054843698, 0.0263741054943869, -0.004315802054843698, -0.0037931306122575693], [2.202442978421564e-05, -0.000276977616668978, -0.0042443941175216455, 2.202442978421564e-05, -0.0002586231155134825, -0.003959635085591908]]","[[0.03469738744655004, 0.013410071099300432, 0.04477076876149117, 0.03006170013977207, 0.0, 0.0, 0.0, 0.0], [0.08073389195221126, 0.0031187162970356163, 0.03350197542513659, 0.00222008733801442, 0.0, 0.0, 0.0, 0.0], [0.004615371124973341, 0.025965739828964517, -0.025081134485588935, -0.014674838671672161, 0.0, 0.0, 0.0, 0.0], [0.0, 0.0, 0.0, 0.0, -0.08262804687808227, -0.044740069695445785, -0.06785917004605668, -0.036181235009816244], [0.0, 0.0, 0.0, 0.0, -0.02569980675893756, -0.040416913177513475, 0.03268289540101947, 0.03216043807270776], [0.0, 0.0, 0.0, 0.0, -0.0003793836833309724, -0.04120516233422655, 0.041957780088118526, 0.0077850248620521985]]","[-0.19858194535438378, 0.46054032215565693, 0.8590917469188305, 0.6868462251717847, 0.0, 0.0, 0.0, 0.0, 0.0, 0.0, 0.0, 0.0, 0.9513017508619533, 0.5629510966501704, 0.5505730107545591, 0.68971694165412]","[0.08553099677203627, -0.04310176681625397, 0.050414364267599016]"
