r_theta,G,Jh,phi,xobj
"[[0.9954615296002856, 0.0004968820643584667, -0.0950537224669307], [0.0038533207835824085, 0.9989516385068348, 0.045587469899998026], [0.09497870789718729, -0.045747324977650716, 0.9944284646677666]]","[[0.9954615296002856, 0.0004968820643584667, -0.0950537224669307, 0.9954615296002856, 0.0004968820643584667, -0.0950537224669307], [0.09497870789718729, -0.045747324977650716, 0.9944284646677666, -0.09497870789718729, 0.045747324977650716, -0.9944284646677666], [-0.0038533207835824085, -0.9989516385068348, -0.045587469899998026, 0.0038533207835824085, 0.9989516385068348, 0.045587469899998026], [-1.3384999053303308e-05, 0.0012295202611874744, 0.026848009786903427, -1.3384999053303308e-05, -0.001229623652070696, -0.026850558220591732], [0.026999924233088717, -1.2788013430667955e-05, 1.4015488795451682e-05, 0.026999924233088717, -1.4015488795451682e-05, -1.2788013430667955e-05], [1.2753615186396946e-06, -0.00011801983846093796, -0.0025771010077681724, 1.2753615186396946e-06, 0.00011679665226868729, 0.002550418869675602]]","[[0.06903572739319733, 0.012334364573525354, 0.05322151743308432, 0.02492596880200728, 0.0, 0.0, 0.0, 0.0], [0.050067859687497426, -0.0026734200467200967, 0.0018706113117109267, -0.01642587419245358, 0.0, 0.0, 0.0, 0.0], [-0.0042902975411820456, 0.021192808976920857, -0.028213541727081907, -0.015260155338466318, 0.0, 0.0, 0.0, 0.0], [0.0, 0.0, 0.0, 0.0, -0.07184351957879029, -0.05093079233954824, -0.060360950626551016, -0.026524742599959746], [0.0, 0.0, 0.0, 0.0, 0.000723682141598102, -0.039007719362098556, 0.048972791883304424, 0.040879896985517944], [0.0, 0.0, 0.0, 0.0, 0.006895070255501013, -0.045738499023017264, 0.025593455150001488, -0.005408937182789491]]","[0.16007154791843523, 0.39855460184822444, 0.906503922004476, 0.7468885749683958, 0.0, 0.0, 0.0, 0.0, 0.0, 0.0, 0.0, 0.0, 0.8438115896152611, 0.6598915952177519, 0.7376730476790984, 0.8826466626845141]","[0.07720925059465138, -0.043498869953301364, 0.038298125320206496]"
